0, A Society for education welfare and ability,Bhilai,CHHATTISGARH,"Education & Literacy,Health & Family Welfare,Information & Communication Technology"
1,AACHALMAHILA SWA SAHAYATA SAMUH,Kawardha,CHHATTISGARH,"Food Processing,Health & Family Welfare,HIV/AIDS,Human Rights"
2,Bharitya Adim Jati Sevak Sangh Kanker Branch Chhattisgarh,Kanker,CHHATTISGARH,"Agriculture,Children,Education & Literacy,Health & Family Welfare"
3,cg sarvada samajik seva sanstha pamgarh,pamgarh,CHHATTISGARH,"Differently Abled,Education & Literacy,Labour & Employment"
4,district project livelihood college society dantewada, Dantewada,CHHATTISGARH,"Agriculture,Animal Husbandry, Dairying & Fisheries,Education & Literacy"
5,GHANSHYAM DAS RUNGTA FOUNDATION,Raipur,CHHATTISGARH,"Agriculture,Biotechnology,Education & Literacy"
6,HIMSAGAR FOUNDATION CHHATTISGARH,BERLA ,CHHATTISGARH,",Education & Literacy,Health & Family Welfare,Human Rights,Information & Communication Technology,"
7,Jan Vigyan Sanrakshan Samiti Chhattisgarh,Bilaspur,CHHATTISGARH,"Education & Literacy,Environment & Forests,Food Processing,Health & Family Welfare"
8,KALYANI SEWA SANSTHAN,Ambikapur,CHHATTISGARH,"Rural Development & Poverty Alleviation,Science & Technology"
9,AATM DARSHAN,ROHTAS ,BIHAR,"Biotechnology,Children,Civic Issues,Differently Abled,Education & Literacy,"
10,LOK VIKAS SANSATHAN HISUA,NAWADA ,BIHAR,"Education & Literacy,Aged/Elderly,Environment & Forests,Food Processing"
11,maa meerajan kalyan samiti,vaishali ,BIHAR,",Environment & Forests,Food Processing,Health & Family Welfare,"
12,RAGHUPATI CHARITABLE TRUST,GAYA ,BIHAR,"Education & Literacy,Environment & Forests,Food Processing"
13,SAMAGRA SEVA,JAMUI ,BIHAR,"Education & Literacy,Environment & Forests,Health & Family Welfare"
14,THE VIGIL,PATNA ,BIHAR,"Dalit Upliftment,Education & Literacy,Health & Family Welfare"
15,TIRHUT GRAMIN VIKAS SANSTHAN,VAISHALI,BIHAR,"Literacy,Aged/Elderly,Environment & Forests,Food Processing"
16, VIDENULAMI EDUCATIONAL SOCIAL WELFARE SOCIETY,Dhaka ,BIHAR,",Education & Literacy,Environment & Forests,Food Processing,Health & Family Welfare"
17,Well Age Foundation,PATNA ,BIHAR,"Health & Family Welfare,Urban Development & Poverty Alleviation"
18,YASH FOUNDATION,,BIHAR,"Elderly,Environment & Forests,Food Processing,Health & Family"
19,AARIFEEN CENTRE FOR YOUTH INITATIVE,SRINAGAR ,JAMMU & KASHMIR,"Agriculture,Art & Culture,Biotechnology,Children,Civic Issues,Differently Abled,Disaster Management,Education & Literacy,Environment & Forests,Health & Family Welfare,Human Rights,Information & Communication Technology,Labour & Employment,Minority Issues,Right to Information & Advocacy,Rural Development & Poverty Alleviation,Science & Technology,Sports,Vocational Training,Women's Development & Empowerment"
20,Care World,Srinagar ,JAMMU & KASHMIR,"Children,Disaster Management,Drinking Water,Education & Literacy,Environment & Forests,Health & Family Welfare,HIV/AIDS,Information & Communication Technology,Science & Technology,Urban Development & Poverty Alleviation,Vocational Training,Water Resources,Women's Development & Empowerment,Youth Affairs,Differently Abled,Housing,Labour & Employment"
21,DIOCESE OF JAMMU SRINAGAR,JAMMU ,JAMMU & KASHMIR,"Agriculture,Animal Husbandry, Dairying & Fisheries,Art & Culture,Children,Civic Issues,Dalit Upliftment,Differently Abled,Drinking Water,Education & Literacy,Health & Family Welfare,Labour & Employment"
22,EHSAAS An Organisation for Rural Health and Educational Development,Srinagar ,JAMMU & KASHMIR,"Agriculture,Biotechnology,Children,Differently Abled,Disaster Management,Drinking Water,Education & Literacy,Environment & Forests,Health & Family Welfare,HIV/AIDS,Information & Communication Technology,Minority Issues,Science & Technology,Vocational Training,Women's Development & Empowerment"
23,Global Human Welfare Organisation,Kulgam ,JAMMU & KASHMIR,"Animal Husbandry, Dairying & Fisheries,Art & Culture,Children,Civic Issues,Differently Abled,Disaster Management,Drinking Water,Education & Literacy,Aged/Elderly,Environment & Forests,Health & Family Welfare,HIV/AIDS,Human Rights,Information & Communication Technology,Labour & Employment,Legal Awareness & Aid,Micro Finance (SHGs),New & Renewable Energy,Panchayati Raj,Right to Information & Advocacy,Rural Development & Poverty Alleviation,Science & Technology,Tribal Affairs,Vocational Training,Women's Development & Empowerment,Youth Affairs"
24,HIMALAYAN BUDDHIST CULTURAL ASSOCIATION,JAMMU ,JAMMU & KASHMIR,"Art & Culture,Education & Literacy,Environment & Forests,Health & Family Welfare,Tribal Affairs,Vocational Training"
25,institute of entrepreneurship development and project consultancy organisation,Jammu ,JAMMU & KASHMIR,"Micro Small & Medium Enterprises,Micro Small & Medium Enterprises
"
26,INTERNATIONAL COMPUTER INSTITUTE ,Srinagar ,JAMMU & KASHMIR,"Education & Literacy,Information & Communication Technology,Vocational Training,Women's Development & Empowerment,Any Other,Dalit Upliftment,Science & Technology,Differently Abled"
27,JAMMU AND KASHMIR WOMEN SOCIETY,JAMMU ,JAMMU & KASHMIR,"Women's Development & Empowerment,Women's Development & Empowerment"
28, JUNU JEWELS,Ladakh ,JAMMU & KASHMIR,"Agriculture,Art & Culture,Biotechnology,Children,Health & Family Welfare,Housing,Human Rights,Youth Affairs,Minority Issues,Tourism,Tribal Affairs,Vocational Training,Women's Development & Empowerment"
29,Kisan Welfare Organisation,JAMMU ,JAMMU & KASHMIR,"Agriculture,Disaster Management,Education & Literacy,Environment & Forests,Health & Family Welfare,Rural Development & Poverty Alleviation,Human Rights,Labour & Employment,Legal Awareness & Aid,Right to Information & Advocacy"
30, AADITI URBAN CO OP CREDIT SOCIETY MARYADIT BULDANA,,MAHARASHTRA,"Education & Literacy,Labour & Employment,Micro Finance (SHGs),Micro Small & Medium Enterprises,Rural Development & Poverty Alleviation"
31,4 LOKSEVA FOUNDATION,MUMBAI ,MAHARASHTRA,"Education & Literacy,Environment & Forests,Food Processing,Health & Family Welfare,Human Rights,Legal Awareness & Aid,New & Renewable Energy,Nutrition,Rural Development & Poverty Alleviation,Urban Development & Poverty Alleviation,Women's Development & Empowerment"
32, LOKVIKAS BHAUDDESHIYA SEWABHAVI SANSTHA NANDED,,MAHARASHTRA,"Agriculture,Art & Culture,Education & Literacy,Environment & Forests,Health & Family Welfare,HIV/AIDS,Micro Finance (SHGs),Vocational Training,Water Resources,Animal Husbandry, Dairying & Fisheries,Biotechnology,Children,Drinking Water,Aged/Elderly,Food Processing,Housing,Information & Communication Technology,Labour & Employment,Micro Small & Medium Enterprises,New & Renewable Energy,Nutrition,Science & Technology,Scientific & Industrial Research,Sports,Tribal Affairs,Urban Development & Poverty Alleviation,Any Other"
33,MA JAYWANTRAO PATIL BAHUDDESHIYA SANSTHA RAMESHWAR,AMALNER ,MAHARASHTRA,Rural Development & Poverty Alleviation
34, NOWROSJEE WADIA MATERNITY HOSPITAL,PAREL ,MAHARASHTRA,"Children,Aged/Elderly,Health & Family Welfare"
35, ZEESHAN EDUCATION AND WELFARE SOCIETY Manwath ,,MAHARASHTRA,"Agriculture,Animal Husbandry, Dairying & Fisheries,Art & Culture,Biotechnology,Children,Civic Issues,Dalit Upliftment,Differently Abled,Disaster Management,Drinking Water,Education & Literacy,Aged/Elderly,Environment & Forests,Food Processing,Health & Family Welfare,HIV/AIDS,Housing,Human Rights,Information & Communication Technology,Labour & Employment,Land Resources,Legal Awareness & Aid,Micro Finance (SHGs),Micro Small & Medium Enterprises,Minority Issues,New & Renewable Energy,Nutrition,Panchayati Raj,Prisoner's Issues,Right to Information & Advocacy,Rural Development & Poverty Alleviation,Science & Technology,Scientific & Industrial Research,Sports,Urban Development & Poverty Alleviation,Vocational Training,Water Resources"
36, VATSLYA SAMAJIK SANSTHA NALDURG,TULJAPUR ,MAHARASHTRA,"Children,Civic Issues,Dalit Upliftment,Differently Abled,Education & Literacy,Aged/Elderly,Environment & Forests,Health & Family Welfare,Housing,Human Rights,Labour & Employment,Legal Awareness & Aid,Minority Issues,Youth Affairs"
37,THE DAUGHTERS OF THE HEART OF MARY NORTH MUMBAI ,,MAHARASHTRA,"Health & Family Welfare,Rural Development & Poverty Alleviation,Vocational Training,Women's Development & Empowerment"
38,AASHRAY MANAV KALYAN SEWA SANSTHAN,ATRU ,RAJASTHAN,"Children,Education & Literacy,Aged/Elderly,Environment & Forests,Labour & Employment,Agriculture,Food Processing,Health & Family Welfare,Human Rights,Labour & Employment"
39, Baba Suraksha Seva Sanstha,MADHOPUR ,RAJASTHAN,"Art & Culture,Dalit Upliftment,Education & Literacy,Aged/Elderly,Environment & Forests,Health & Family Welfare,Legal Awareness & Aid,Rural Development & Poverty Alleviation,Sports,Vocational Training,Women's Development & Empowerment"
40,COMMUNITY DEVELOPMENT PROJECT,UDAIPUR ,RAJASTHAN,"Children,Education & Literacy,Health & Family Welfare,Rural Development & Poverty Alleviation,Vocational Training"
41,GAHARI VIKAS FOUNDATION,JODHPUR ,RAJASTHAN,"Agriculture,Animal Husbandry, Dairying & Fisheries,Art & Culture,Biotechnology,Children,Dalit Upliftment,Disaster Management,Drinking Water,Education & Literacy,Aged/Elderly,Environment & Forests,Food Processing,Health & Family Welfare,Housing,Human Rights,Information & Communication Technology,Labour & Employment,Legal Awareness & Aid,Micro Finance (SHGs),Micro Small & Medium Enterprises,Minority Issues,New & Renewable Energy,Nutrition,Right to Information & Advocacy,Rural Development & Poverty Alleviation,Science & Technology,Scientific & Industrial Research,Tourism,Vocational Training"
42,GOPAL GOW SEWA SAMITI MUANA,KUCHAMAN ,RAJASTHAN,"Animal Husbandry, Dairying & Fisheries"
43,Gram Bharati Samiti (GBS),Jaipur ,RAJASTHAN,"Children,Drinking Water,Education & Literacy,Environment & Forests,Health & Family Welfare,HIV/AIDS,Human Rights,Micro Finance (SHGs),Vocational Training,Water Resources,Women's Development & Empowerment"
44, HARPYARI DEVI SEVA SANSTHAN,BHARATPUR,RAJASTHAN,"Agriculture,Art & Culture,Biotechnology,Children,Differently Abled,Education & Literacy,Health & Family Welfare,Human Rights,Labour & Employment,Legal Awareness & Aid,Science & Technology,Scientific & Industrial Research,Vocational Training,Women's Development & Empowerment"
45, JAIKALA EDUCATION SOCIETY,UDAIPUR ,RAJASTHAN,"Education & Literacy,Agriculture,Animal Husbandry, Dairying & Fisheries,Art & Culture,Children,Differently Abled,Health & Family Welfare,Human Rights,Labour & Employment,Micro Small & Medium Enterprises,Panchayati Raj,Tribal Affairs,Vocational Training,Water Resources,Women's Development & Empowerment"
46,KN TAKNIKI SIKSHA AND COMPUTER PARSHIKSHAN SANSTHAN,,RAJASTHAN,"Panchayati Raj,Urban Development & Poverty Alleviation,Vocational Training,Women's Development & Empowerment,Youth Affairs,Any Other,Animal Husbandry, Dairying & Fisheries,Education & Literacy,Health & Family Welfare,Information & Communication Technology,Labour & Employment,Legal Awareness & Aid,Micro Finance (SHGs),Minority Issues,Right to Information & Advocacy,Science & Technology"
47, MADHAV FOUNDATION AND EMPLOYMENT SOCIETY DHOLPURDHAULPUR,,RAJASTHAN,"Agriculture,Animal Husbandry, Dairying & Fisheries,Art & Culture,Biotechnology,Children,Civic Issues,Dalit Upliftment,Differently Abled,Disaster Management,Drinking Water,Education & Literacy,Aged/Elderly,Environment & Forests,Food Processing,Health & Family Welfare,HIV/AIDS,Housing,Human Rights,Information & Communication Technology,Labour & Employment,Land Resources,Legal Awareness & Aid,Micro Finance (SHGs),Micro Small & Medium Enterprises,Minority Issues,New & Renewable Energy,Nutrition,Panchayati Raj,Prisoner's Issues,Right to Information & Advocacy,Rural Development & Poverty Alleviation,Science & Technology,Scientific & Industrial Research,Sports,Tourism,Tribal Affairs,Urban Development & Poverty Alleviation,Vocational Training,Water Resources,Women's Development & Empowerment,Youth Affairs,Any Other"
48,ZION EVANGELICAL FELLOWSHIP TRUST,COIMBATORE ,TAMIL NADU,"Education & Literacy,Health & Family Welfare,Youth Affairs,Vocational Training"
49,VINAYAGA TRUST,CHENNAI ,TAMIL NADU,"Health & Family Welfare,Differently Abled,Education & Literacy,Education & Literacy,Aged/Elderly,Environment & Forests,Food Processing,HIV/AIDS,Housing,Information & Communication Technology,Labour & Employment,Land Resources,Nutrition,Rural Development & Poverty Alleviation,Science & Technology,Scientific & Industrial Research,Water Resources,Women's Development & Empowerment,Youth Affairs,Any Other,Agriculture,Animal Husbandry, Dairying & Fisheries,Art & Culture,Biotechnology,Children,Disaster Management,Drinking Water,Education & Literacy,Aged/Elderly,Environment & Forests,Food Processing,Health & Family Welfare,Information & Communication Technology,Nutrition,Water Resources"
50,TRIBALS SOCIAL EDUCATIONAL AND ECONOMICAL DEVELOPMENT TRUSTVELLORE ,,TAMIL NADU,Education & Literacy
51,THAMARAI SOCIAL SERVICE TRUST,,TAMIL NADU,"Agriculture,Art & Culture,Biotechnology,Children,Civic Issues,Dalit Upliftment,Differently Abled,Drinking Water,Education & Literacy,Aged/Elderly,Environment & Forests,Health & Family Welfare,Labour & Employment,Legal Awareness & Aid,Nutrition,Right to Information & Advocacy,Rural Development & Poverty Alleviation,Science & Technology,Sports,Tribal Affairs,Urban Development & Poverty Alleviation,Vocational Training,Women's Development & Empowerment"
52, SRI VIVEKA YOGA & CULTURAL TRUST,COIMBATORE ,TAMIL NADU,"Health & Family Welfare,Education & Literacy,Health & Family Welfare,Education & Literacy,Education & Literacy"
53,SREE HARIHARASIVAN CHARITABLE TRUST,PULIANGUDI ,TAMIL NADU,"Education & Literacy,Any Other,Agriculture,Urban Development & Poverty Alleviation"
54,RAJBAI ANUSUYA DEVI GULECHHA MEMORIAL CHARITABLE TRUSTChennai ,,TAMIL NADU,"Education & Literacy,Science & Technology"
55,OLCOTT EDUCATION SOCIETY,CHENNAI ,TAMIL NADU,Education & Literacy
56, LITTLE ANGELS TRUST,UDUMALPET ,TAMIL NADU,"Education & Literacy,Health & Family Welfare"
57,JESUS BELIEVERS MINISTRY TRUST (JBM CHARITABLE TRUST)Tiruchirappalli,,TAMIL NADU,"Children,Dalit Upliftment,Differently Abled,Education & Literacy,Aged/Elderly,Food Processing,Health & Family Welfare,HIV/AIDS,Housing,Human Rights,Legal Awareness & Aid,Minority Issues,New & Renewable Energy,Panchayati Raj,Prisoner's Issues,Right to Information & Advocacy,Rural Development & Poverty Alleviation,Tribal Affairs,Urban Development & Poverty Alleviation,Vocational Training,Sports,Youth Affairs
"
58,AAHAR SANKALP FOUNDATION,DELHI ,NEW DELHI,"Agriculture,Art & Culture,Children,Differently Abled,Disaster Management,Drinking Water,Education & Literacy,Aged/Elderly,Environment & Forests,Food Processing,Health & Family Welfare,HIV/AIDS,Labour & Employment,Nutrition,Rural Development & Poverty Alleviation,Sports,Tourism,Vocational Training,Water Resources,Women's Development & Empowerment,Youth Affairs"
59,BUDDHA EDUCATION FOUNDATION,DELHI ,MADHYA PRADESH,"Education & Literacy
"
60,Child Educational Foundation,,MADHYA PRADESH,"Art & Culture,Children,Education & Literacy,Food Processing,Health & Family Welfare,Vocational Training"
61, Diabetes Awareness Foundation,,MADHYA PRADESH,"Health & Family Welfare
"
62, GOLDEN PEACOCK SUBJECT OF UNIVERSAL LOVE,,MADHYA PRADESH,"Children,Education & Literacy,Health & Family Welfare,Rural Development & Poverty Alleviation,Any Other
"
63, ISV SOCIAL DEVELOPMENT FOUNDATION,,MADHYA PRADESH,"Aged/Elderly,Agriculture,Art & Culture,Children,Civic Issues,Drinking Water,Education & Literacy,Environment & Forests,Food Processing,Health & Family Welfare,Housing,Human Rights,Information & Communication Technology,Legal Awareness & Aid,Labour & Employment,Micro Finance (SHGs),New & Renewable Energy,Nutrition,Right to Information & Advocacy,Rural Development & Poverty Alleviation,Science & Technology,Sports,Urban Development & Poverty Alleviation,Vocational Training,Women's Development & Empowerment"
64, LIPSA,,MADHYA PRADESH,"Children,Education & Literacy,Animal Husbandry, Dairying & Fisheries,Aged/Elderly,Health & Family Welfare,Rural Development & Poverty Alleviation,Vocational Training,Environment & Forests"
65,Parzor Foundation for Preservation of Vulnerable Human Heritage,,MADHYA PRADESH,Art & Culture
66, SABALINDIA,,MADHYA PRADESH,"Education & Literacy,Health & Family Welfare"
67,THE REHABILITATION & EMPOWERMENT FOR NATIONAL DEVELOPMENT,,MADHYA PRADESH,"Animal Husbandry, Dairying & Fisheries,Environment & Forests,Food Processing,Health & Family Welfare,Rural Development & Poverty Alleviation,Urban Development & Poverty Alleviation,Vocational Training,Women's Development & Empowerment"
68, YOGMAYA RURAL DEVELOPMENT & RESEARCH SOCIETY,,MADHYA PRADESH,"Agriculture,Art & Culture,Children,Civic Issues,Disaster Management,Drinking Water,Education & Literacy,Aged/Elderly,Environment & Forests,Food Processing,Health & Family Welfare,HIV/AIDS,Human Rights,Legal Awareness & Aid,Micro Finance (SHGs),Micro Small & Medium Enterprises,New & Renewable Energy,Nutrition,Panchayati Raj,Right to Information & Advocacy,Rural Development & Poverty Alleviation,Science & Technology,Scientific & Industrial Research,Sports,Tourism,Tribal Affairs,Urban Development & Poverty Alleviation,Vocational Training,Water Resources,Women's Development & Empowerment"
69,ZABUA MAHILA MANDAL ZABUA,jhabua ,,"Agriculture,Art & Culture,Biotechnology,Children,Civic Issues,Dalit Upliftment,Disaster Management,Drinking Water,Education & Literacy,Aged/Elderly,Environment & Forests,Food Processing,Health & Family Welfare,HIV/AIDS,Human Rights,Information & Communication Technology,Labour & Employment,Legal Awareness & Aid,Micro Finance (SHGs),Micro Small & Medium Enterprises,Minority Issues"
70, SWA PT DINESH KUMAR PARASHAR LOK KALYAN SEVA SAMITILAHAR ,,,Environment & Forests
71,PEOPLE DEVELOPMENT AND EDUCATIONAL SOCIETY SAMITI,,,"Animal Husbandry, Dairying & Fisheries,Aged/Elderly,Children,Civic Issues,Differently Abled,Disaster Management,Dalit Upliftment,Drinking Water,Education & Literacy,Environment & Forests,Health & Family Welfare,Human Rights,Information & Communication Technology,Legal Awareness & Aid,Nutrition,Panchayati Raj,Right to Information & Advocacy,Rural Development & Poverty Alleviation,Sports,Tribal Affairs,Water Resources,Women's Development & Empowerment,Youth Affairs,Any Other"
72, DAS O HARIJAN COLONY MAHILA SAMITY,,,Children
73,Ganadoot Social Welfare Centre,,,"Environment & Forests,Food Processing,Health & Family Welfare,HIV/AIDS,Housing,Human Rights,Information & Communication Technology,Legal Awareness & Aid,Labour & Employment,Land Resources,Micro Finance (SHGs),Minority Issues,Micro Small & Medium Enterprises"
74,HUMAN CARE MISSION,AGARTALA ,,"Education & Literacy,Health & Family Welfare,Human Rights,Any Other"
75,Organization for Rural Survival,Belonia ,,"HIV/AIDS,Micro Finance (SHGs),Science & Technology,Vocational Training,Women's Development & Empowerment,Agriculture,Children,Environment & Forests,Health & Family Welfare,Information & Communication Technology,Legal Awareness & Aid,Tribal Affairs"
76,Shilpatirtha,Agartala ,,"Art & Culture,Children"
77,TRIPURA RURAL DEVELOPMENT ORGANISATION,Agertala ,Tripura,"Agriculture,Education & Literacy,Vocational Training,Women's Development & Empowerment,Youth Affairs,Dalit Upliftment,Drinking Water,Health & Family Welfare,Micro Small & Medium Enterprises,Rural Development & Poverty Alleviation,Tribal Affairs,Art & Culture"
78, Yuva Vikash Kendra,AGARTALA ,Tripura,"Agriculture,Animal Husbandry, Dairying & Fisheries,Art & Culture,Children,Civic Issues,Disaster Management,Drinking Water,Education & Literacy,Aged/Elderly,Environment & Forests,Food Processing,Health & Family Welfare,HIV/AIDS,Human Rights,Information & Communication Technology,Labour & Employment,Legal Awareness & Aid,Micro Small & Medium Enterprises,Panchayati Raj,Sports,Tourism,Tribal Affairs,Water Resources,Women's Development & Empowerment,Youth Affairs"
79, West Utkal Agricultural Centre,Diptipur ,Tripura,"Agriculture,Animal Husbandry, Dairying & Fisheries,Water Resources"
80,A S N RAJU SOCIETY FOR SOCIAL WELFARE AND RURAL DEVELOPMENT,BHIMAVARAM ,ANDHRA PRADESH,"Biotechnology, Differently Abled, Health & Family Welfare"
81,ABHI FOUNDATION,KAKINADA ,ANDHRA PRADESH,"Art & Culture,Children, "
82,Academy of Grassroots Studies and Research of India,Tirupati ,ANDHRA PRADESH,"Civic Issues,Panchayati Raj,Rural Development & Poverty Alleviation"
83,Accurate Development for Allivated Masses Society,Chirala ,ANDHRA PRADESH,"ood Processing,Health & Family Welfare,Finance "
84,BAPTIST WOMEN WELFARE AND EVANGELISTIC WORK,KAKINADA ,ANDHRA PRADESH,"Children,Aged/Elderly,Nutrition"
85,BELIEVABLE ORGANISATION OF WOMEN LIBERTY,Kadapa ,ANDHRA PRADESH,"Children, Education & Literacy,Health & Family"
86,CHITTOOR RURAL DEVELOPMENT SOCIETY,TIRUPATI ,ANDHRA PRADESH,Rural Development & Poverty Alleviation
87,ISRAEL PRASAD GOSPEL TRUST,ELURU ,ANDHRA PRADESH,"Tribal Affairs,Finance , Disaster Management,"
88,Jagruthi Youth Society,Kurnool ,ANDHRA PRADESH,"HIV/AIDS,Housing,Human Rights,"
89,ALL ASSAM SOCIO ECONOMIC AND HEALTH ASSOCIATION,NALBARI ,Assam,"Agriculture, ducation & Literacy,Environment & Forests"
90,SHRISTI MULTI DEVELOPMENT ORGANIZATION,NALBARI ,Assam,"Rural Development & Poverty Alleviation,Science & Technology"
91,SOCIAL WELFARE ASSOCIATION FOR RURAL AREAS OF JORHAT,Jorhat ,Assam,"Biotechnology,Children,Differently Abled"
92,Mahadevi Matri Mandir,GUWAHATI ,Assam,Children
93,MINORITY DEVELOPMENT COUNCIL OF ASSAM,Hailakandi ,Assam,"Minority Issues,Children,Differently Abled,Disaster Management,Drinking Water,Education & Literacy,Health & Family Welfare,HIV/AIDS,Human Rights,Labour & Employment,Legal Awareness & Aid,Science & Technology,Sports,Tourism,Vocational Training,Women's Development & Empowerment,Youth Affairs"
94,NORTH EASTERN REGIONAL YOUTH COMMISSION,Guwahati ,Assam,"Children,Education & Literacy,Vocational Training,Women's Development & Empowerment,Youth Affairs"
95,OIKOS,Pathsala ,Assam,"Agriculture,Animal Husbandry, Dairying & Fisheries,Art & Culture,Children,Differently Abled,Disaster Management,Drinking Water,Education & Literacy,Environment & Forests,Food Processing,Health & Family Welfare,HIV/AIDS,Legal Awareness & Aid,Micro Finance (SHGs),Scientific & Industrial Research,Tourism,Vocational Training,Women's Development & Empowerment,Youth Affairs"
96,PARICHALANA SAMITY BISWANATH CHARIALI HINDI PRABODH VIDYALAYA,BISWANATH CHARIALI,Assam,Education & Literacy
97,THE RURAL THEME FOUNDATION,Nagaon ,Assam,"Agriculture,Animal Husbandry, Dairying & Fisheries,Art & Culture,Biotechnology,Children,Civic Issues,Dalit Upliftment,Differently Abled,Disaster Management,Drinking Water,Education & Literacy,Aged/Elderly,Environment & Forests,Food Processing,Health & Family Welfare,HIV/AIDS,Housing,Human Rights,Information & Communication Technology,Labour & Employment,Land Resources,Legal Awareness & Aid,Micro Finance (SHGs),Micro Small & Medium Enterprises,Nutrition"
98,URDU STUDY CENTRE,Guwahati ,Assam,"Animal Husbandry, Dairying & Fisheries,Art & Culture,Biotechnology,Children,Civic Issues"
99,A New Road,New Delhi,Delhi,"Children,Education & Literacy,Women's Development & Empowerment,Youth Affairs"
100,ALL INDIA WELFARE ASSOCIATION,New Delhi ,Delhi,"Education & Literacy,Human Rights,Any Other"
101,childwatch-india,DELHI ,Delhi,"Children,Education & Literacy"
102,CHURCH S AUXILIARY FOR SOCIAL ACTION,New Delhi ,Delhi,"Agriculture,Animal Husbandry, Dairying & Fisheries,Children,Dalit Upliftment,Disaster Management,Environment & Forests,Land Resources,Health & Family Welfare"
103,CollCom,New Delhi ,Delhi,"Education & Literacy,Environment & Forests,Food Processing,Health & Family Welfare,Information & Communication Technology,Labour & Employment,Micro Small & Medium Enterprises,Science & Technology,Sports,Vocational Training,Water Resources,Women's Development & Empowerment,Youth Affairs"
104,COMMON CAUSE,New Delhi ,Delhi,Civic Issues
105,Deendayal Research Institute,New Delhi ,Delhi,"Animal Husbandry, Dairying & Fisheries,Agriculture,Art & Culture,Biotechnology,Children,Disaster Management,Dalit Upliftment,Drinking Water,Education & Literacy,Environment & Forests,Food Processing,Health & Family Welfare,Labour & Employment,Land Resources,Micro Finance (SHGs),Micro Small & Medium Enterprises,New & Renewable Energy,Nutrition,Panchayati Raj,Right to Information & Advocacy,Rural Development & Poverty Alleviation,Scientific & Industrial Research,Science & Technology,Sports,Tribal Affairs"
106,Desh Darshan,DELHI ,Delhi,"Art & Culture,Education & Literacy,Health & Family Welfare"
107,Development And Justice Initiative,DELHI ,Delhi,"Children,Differently Abled,Education & Literacy,Health & Family Welfare,Labour & Employment,Nutrition"
108,Himalaya Foundation,New Delhi ,Delhi,Rural Development & Poverty Alleviation
109,SHREE SAMAST DASHASHRIMADI SONI GNYATI SAMAJ MAHAMANDAD,GODHRA ,Gujrat,"Education & Literacy,Health & Family Welfare,Women's Development & Empowerment,Youth Affairs"
110,SHREE SANATAN TRUST,RAJKOT ,Gujrat,"Civic Issues,Health & Family Welfare,Any Other"
111,Shree Sanskartirth Educational Trust- Jetpur,Jetpur ,Gujrat,Children
112,THE GENIUS FOUNDATION,AHMADABAD ,Gujrat,"Agriculture,Animal Husbandry, Dairying & Fisheries,Art & Culture,Children,Education & Literacy,Aged/Elderly,Environment & Forests,Health & Family Welfare,New & Renewable Energy,Science & Technology,Sports,Women's Development & Empowerment,Labour & Employment"
113,THE SHARMA EDUCATION TRUST,VADODARA,Gujrat,"Education & Literacy,Rural Development & Poverty Alleviation"
114,The Wishing Factory,VADODARA,Gujrat,"Children,Differently Abled,Health & Family Welfare,Any Other,Education & Literacy"
115,VEDRUNA SAMAJIK KENDRA SOCIETY,GHOGHA ,Gujrat,"Education & Literacy,Any Other,Education & Literacy,Any Other"
116,VIKAS NAVYUVATI FOUNDATION,VADODRA,Gujrat,"Children,Differently Abled,Education & Literacy,Health & Family Welfare,Micro Small & Medium Enterprises,Nutrition,Right to Information & Advocacy,Rural Development & Poverty Alleviation,Urban Development & Poverty Alleviation,Women's Development & Empowerment"
117,VITTHALESHACHAARYA TRUST,VAPI ,Gujrat,"Art & Culture,Children,Dalit Upliftment,Differently Abled,Disaster Management,Education & Literacy,Environment & Forests,Rural Development & Poverty Alleviation,Tribal Affairs,Women's Development & Empowerment,Youth Affairs,Agriculture,Animal Husbandry, Dairying & Fisheries,Drinking Water,Health & Family Welfare,Sports,Vocational Training,Any Other,Agriculture,Animal Husbandry, Dairying & Fisheries,Art & Culture,Children,Dalit Upliftment,Differently Abled,Disaster Management,Drinking Water,Education & Literacy,Environment & Forests,Health & Family Welfare,Rural Development & Poverty Alleviation,Sports,Tribal Affairs,Vocational Training,Women's Development & Empowerment,Youth Affairs,Any Other"
118,YASH CHARITABLE TRUST,NAVSARI,Gujrat,"Children,Women's Development & Empowerment,Dalit Upliftment,Disaster Management,Drinking Water,Education & Literacy,Environment & Forests,Rural Development & Poverty Alleviation,Sports,Vocational Training"
119,AABHA CREATIVE ORGANIZATION,HAZARIBAG ,JHARKHAND,"Education & Literacy,Health & Family Welfare,Vocational Training"
120,GRAM SATI MATA VIKASH SANGH,Ranchi ,JHARKHAND,"Agriculture,Art & Culture,Children,Education & Literacy,Environment & Forests,Health & Family Welfare,Labour & Employment,Micro Finance (SHGs),Vocational Training,Women's Development & Empowerment"
121,Gramin Vikas Kendra,Godda ,JHARKHAND,"Agriculture,Art & Culture,Children,Education & Literacy,Environment & Forests,Land Resources,Rural Development & Poverty Alleviation,Water Resources,Women's Development & Empowerment"
122,HOPE INDIA,Ranchi,JHARKHAND,"Aged/Elderly,Children,Education & Literacy,Environment & Forests,Health & Family Welfare,HIV/AIDS,Human Rights,Information & Communication Technology,Legal Awareness & Aid,Labour & Employment,Right to Information & Advocacy,Scientific & Industrial Research,Science & Technology,Tourism,Vocational Training,Women's Development & Empowerment"
123,INFROMATION TECHNLOGY IN DEVLOPMENT FOUNDATION,GODDA ,JHARKHAND,"Information & Communication Technology,Rural Development & Poverty Alleviation,Any Other"
124,MAA,RANCHI ,JHARKHAND,"Drinking Water,Education & Literacy,Environment & Forests,Health & Family Welfare,Information & Communication Technology,Labour & Employment,Micro Finance (SHGs),Vocational Training,Women's Development & Empowerment,Any Other"
125,Nai Roshni,Hazaribagh ,JHARKHAND,"Aged/Elderly,Children,Disaster Management,Dalit Upliftment,Drinking Water,Education & Literacy,Environment & Forests,Health & Family Welfare,Labour & Employment,Panchayati Raj,Rural Development & Poverty Alleviation,Science & Technology,Tribal Affairs,Urban Development & Poverty Alleviation,Vocational Training,Water Resources,Women's Development & Empowerment"
126,PRAGATI MISSION,RANCHI ,JHARKHAND,"Children,Environment & Forests,Food Processing,Health & Family Welfare,Women's Development & Empowerment"
127,PREMANJALI TRUST,RANCHI ,JHARKHAND,"Children,Education & Literacy"
128,PRERNA,Garhwa ,JHARKHAND,"Agriculture,Art & Culture,Children,Drinking Water,Education & Literacy,Environment & Forests,Health & Family Welfare,Labour & Employment,Legal Awareness & Aid,Micro Finance (SHGs),Rural Development & Poverty Alleviation,Sports,Vocational Training,Women's Development & Empowerment"
129,WARDHA CHARITABLE TRUST,EDAPPAL ,KERALA,"Agriculture,Art & Culture,Differently Abled,Disaster Management,Drinking Water,Education & Literacy,Aged/Elderly,Environment & Forests,Food Processing,Health & Family Welfare,HIV/AIDS,Housing,Nutrition,Rural Development & Poverty Alleviation,Sports,Water Resources"
130,WELFARE ASSOCIATION TRUST,ALUVA ,KERALA,"Aged/Elderly,Differently Abled,Education & Literacy,Health & Family Welfare,Human Rights,Children,Housing,Vocational Training"
131,YWCA Kollam,KOLLAM ,KERALA,Differently Abled
132,THE KERALA ST. FRANCIS DE SALES EDUCATIONAL SOCIETY,Kozhikode ,KERALA,Education & Literacy
133,The Research Institute,Kochi ,KERALA,"Animal Husbandry, Dairying & Fisheries,Aged/Elderly,Children,Civic Issues,Dalit Upliftment,Education & Literacy,Health & Family Welfare,Legal Awareness & Aid,Labour & Employment,Minority Issues,Rural Development & Poverty Alleviation,Tribal Affairs,Urban Development & Poverty Alleviation,Vocational Training,Women's Development & Empowerment,Youth Affairs"
134,THIRUREKTHASHRAMAM,KANNUR ,KERALA,Differently Abled
135,TIRURANGADI MUSLIM ORPHANAGE COMMITTEE,Malappuram ,KERALA,"Children,Education & Literacy"
136,SWAMI VIVEKANANDA GRAMA SEVA SAMITHI,Pandanad ,KERALA,"Children,Animal Husbandry, Dairying & Fisheries,Art & Culture,Education & Literacy,Aged/Elderly,Environment & Forests,Health & Family Welfare,Rural Development & Poverty Alleviation,Sports,Women's Development & Empowerment,Youth Affairs"
137,Swasraya,KANNUR ,KERALA,"Differently Abled,Vocational Training"
138,Sreekarunyamission,Neyyattinkara ,KERALA,Education & Literacy
139,AARAMBH EDUCATION AND COMMUNITY DEVELOPMENT SOCIETY BHOPAL,BHOPAL ,MADHYA PRADESH,"Children,Drinking Water,Health & Family Welfare,Human Rights,Micro Finance (SHGs),Nutrition,Right to Information & Advocacy,Vocational Training,Water Resources,Women's Development & Empowerment"
140,AASRA KALYAN SOCIETY,BHOPAL ,MADHYA PRADESH,"Agriculture,Children,Disaster Management,Health & Family Welfare,Tribal Affairs,Vocational Training,Water Resources,Women's Development & Empowerment"
141,Aayanma Society For Human Welfare,Jabalpur ,MADHYA PRADESH,"Education & Literacy,Environment & Forests,Health & Family Welfare,HIV/AIDS,Information & Communication Technology,Rural Development & Poverty Alleviation,Science & Technology,Vocational Training,Any Other"
142,Abhikalpana Social Welfare Society,Bhopal ,MADHYA PRADESH,"Agriculture,Animal Husbandry, Dairying & Fisheries,Art & Culture,Children,Civic Issues,Disaster Management,Education & Literacy,Aged/Elderly,Environment & Forests,Health & Family Welfare,Micro Small & Medium Enterprises,Nutrition,Tribal Affairs,Vocational Training,Women's Development & Empowerment"
143,Acharya Vidyasagar Gau samvardhan kendra,Sagar ,MADHYA PRADESH,"Animal Husbandry, Dairying & Fisheries,Animal Husbandry, Dairying & Fisheries"
144,ELATION SKILL WHIZ PRIVATE LIMITED,BHOPAL ,MADHYA PRADESH,"Art & Culture,Civic Issues,Dalit Upliftment,Differently Abled,Education & Literacy,Information & Communication Technology,Labour & Employment,Minority Issues,Rural Development & Poverty Alleviation"
145,FORWARD FOUNDATION,AMARKANTAK ,MADHYA PRADESH,"Agriculture,Children,Differently Abled,Drinking Water,Education & Literacy,Human Rights,Tribal Affairs,Women's Development & Empowerment"
146,G S HITKARINI SAMITI,KOTMA ,MADHYA PRADESH,"Education & Literacy,Environment & Forests,Health & Family Welfare,HIV/AIDS,Human Rights,Legal Awareness & Aid,Rural Development & Poverty Alleviation,Water Resources,Women's Development & Empowerment,Youth Affairs"
147,Jansahas Social Empowerment Society,Indore ,MADHYA PRADESH,"Agriculture,Children,Education & Literacy,Health & Family Welfare,Legal Awareness & Aid,Rural Development & Poverty Alleviation,Women's Development & Empowerment"
148,Jay Kalyan Shiksha Samiti,Bhopal ,MADHYA PRADESH,"Agriculture,Art & Culture,Biotechnology,Differently Abled,Education & Literacy,Environment & Forests,Health & Family Welfare,HIV/AIDS,Minority Issues,Nutrition,Panchayati Raj,Rural Development & Poverty Alleviation,Science & Technology,Tribal Affairs,Vocational Training,Women's Development & Empowerment,Youth Affairs"
149,Youth Football Club Rurka Kalan,Rurka Kalan,PUNJAB,"Education & Literacy,Health & Family Welfare,Sports,Women's Development & Empowerment,Youth Affairs"
150,Wish Care Trust,Mohali ,PUNJAB,"Biotechnology,Children,Education & Literacy,Health & Family Welfare,Human Rights,Nutrition,Rural Development & Poverty Alleviation,Science & Technology,Women's Development & Empowerment"
151,Vijaypal Charitable Trust,Ludhiana ,PUNJAB,"Agriculture,Art & Culture,Biotechnology,Children,Dalit Upliftment,Differently Abled,Disaster Management,Drinking Water,Education & Literacy,Aged/Elderly,Environment & Forests,Health & Family Welfare,Legal Awareness & Aid"
152,THAPAR UNIVERSITY,PATIALA ,PUNJAB,Education & Literacy
153,THE NATIONAL SOCIAL WELFARE TRUST,Malerkotla ,PUNJAB,"Civic Issues,Education & Literacy,Health & Family Welfare,HIV/AIDS,Minority Issues,Rural Development & Poverty Alleviation,Any Other"
154,Veer Abhimanyu Gurukul Sanstha,Amritsar ,PUNJAB,"Education & Literacy,Health & Family Welfare"
155,S P N CHARITABLE HOSPITAL,MUKERIAN ,PUNJAB,"Biotechnology,Children,Education & Literacy,Environment & Forests,Food Processing,Health & Family Welfare,HIV/AIDS,Micro Finance (SHGs),Nutrition,Rural Development & Poverty Alleviation,Science & Technology,Vocational Training,Any Other"
156,SANATAN DHARAM KUMAR SABHA,PATIALA ,PUNJAB,"Children,Civic Issues,Differently Abled,Education & Literacy,Urban Development & Poverty Alleviation,Women's Development & Empowerment"
157,Sarswati Professional And Higher Education Society,Mohali ,PUNJAB,"Education & Literacy,Health & Family Welfare"
158,Shaheed Bhagat Singh Paramedical Educational Societ,Amritsar ,PUNJAB,"Drinking Water,Education & Literacy,Rural Development & Poverty Alleviation,Vocational Training,Water Resources"
159,AAITA EDUCATIONAL SOCIETY,Shahjahanpur ,UTTAR PRADESH,"Education & Literacy,Vocational Training"
160,Aarti Sewa Evam Anusandhan Sansthan,Allahabad ,UTTAR PRADESH,"Children,Education & Literacy,Human Rights,Vocational Training,Any Other"
161,Aasra Society,Jhansi ,UTTAR PRADESH,"Education & Literacy,Health & Family Welfare"
162,AASTHA SAMAJIK SANSTHAN,BARABANKI ,UTTAR PRADESH,"Agriculture,Drinking Water,Education & Literacy,Environment & Forests,Women's Development & Empowerment"
163,Amar Shaheed Abantibai Shiksha Prasar avam Samaj Klyan Samiti,Etawah ,UTTAR PRADESH,"Animal Husbandry, Dairying & Fisheries,Art & Culture,Children,Education & Literacy,Environment & Forests,Health & Family Welfare,HIV/AIDS,Vocational Training,Youth Affairs"
164,Ambedkar Adharsh Garima Samiti8368,Hardoi ,UTTAR PRADESH,"Agriculture,Animal Husbandry, Dairying & Fisheries,Children,Civic Issues,Drinking Water,Education & Literacy,Health & Family Welfare,HIV/AIDS,Science & Technology,Urban Development & Poverty Alleviation,Vocational Training,Any Other"
165,AMBIKA SEWA SANSTHAN,AZAMGARH ,UTTAR PRADESH,"Education & Literacy,Environment & Forests,Health & Family Welfare"
166,Amras welfair samiti,BAREILLY ,UTTAR PRADESH,"Disaster Management,Education & Literacy,Health & Family Welfare,HIV/AIDS,Women's Development & Empowerment"
167,Amroha Education Foundation,AMROHA ,UTTAR PRADESH,"Education & Literacy,Health & Family Welfare,Vocational Training,Women's Development & Empowerment,Youth Affairs"
168,BROTHERS FOUNDATION,HARDOI ,UTTAR PRADESH,"Agriculture,Children,Education & Literacy,Environment & Forests,Health & Family Welfare,Legal Awareness & Aid,Women's Development & Empowerment"
169,YUKTA SANGHA,BALURGHAT ,WEST BENGAL,"Children,Education & Literacy,Nutrition,Right to Information & Advocacy,Sports,Vocational Training,Women's Development & Empowerment,Youth Affairs"
170,UPGRADE WELFARE FOUNDATION,KOLKATA ,WEST BENGAL,"Agriculture,Art & Culture,Children,Education & Literacy,Environment & Forests,Health & Family Welfare,Rural Development & Poverty Alleviation,Tribal Affairs,Vocational Training,Youth Affairs,Any Other"
171,UTTAR KOLKATA BHUMIPUTRA,KOLKATA ,WEST BENGAL,"Agriculture,Art & Culture,Dalit Upliftment,Education & Literacy,Health & Family Welfare,Information & Communication Technology,Micro Finance (SHGs),Minority Issues,Panchayati Raj,Rural Development & Poverty Alleviation,Science & Technology,Vocational Training,Women's Development & Empowerment"
172,UTTARPARA AARADHONA WELFARE SOCIETY,Kolkata ,WEST BENGAL,"Aged/Elderly,Art & Culture,Children,Environment & Forests,Health & Family Welfare,Human Rights,Rural Development & Poverty Alleviation,Women's Development & Empowerment"
173,TAPAN SRI SRI RADHAGOBINDA SEVASHARAM SANGHA,Tapan ,WEST BENGAL,"Agriculture,Art & Culture,Civic Issues,Education & Literacy,Environment & Forests,Health & Family Welfare,Legal Awareness & Aid,Rural Development & Poverty Alleviation,Vocational Training,Women's Development & Empowerment"
174,Thakuranichak Khristo Mandali,Arambagh ,WEST BENGAL,"Education & Literacy,Health & Family Welfare,Women's Development & Empowerment"
175,Suchinta Mahila Samity,Diamond Harbour,WEST BENGAL,"Aged/Elderly,Agriculture,Art & Culture,Children,Differently Abled,Disaster Management,Education & Literacy,Environment & Forests,Health & Family Welfare,HIV/AIDS,Housing,Human Rights,Micro Finance (SHGs),Minority Issues,Panchayati Raj,Right to Information & Advocacy,Science & Technology,Sports,Vocational Training,Women's Development & Empowerment,Youth Affairs"
176,SILAMPUR TIGER CLUB,Silampur ,WEST BENGAL,"Agriculture,Children,Disaster Management,Drinking Water,Education & Literacy,Environment & Forests,Health & Family Welfare,New & Renewable Energy,Rural Development & Poverty Alleviation,Sports,Vocational Training,Women's Development & Empowerment,Youth Affairs"
177,SILIGURI HIMALAYAN NATURE AND ADVENTURE FOUNDATION,SILIGURI ,WEST BENGAL,"Children,Civic Issues,Differently Abled,Disaster Management,Drinking Water,Education & Literacy,Environment & Forests,Sports,Tourism,Water Resources,Youth Affairs,Any Other"
178,Sisters of Mary Immaculate of Bishop Morrow,Krishnagar ,WEST BENGAL,"Children,Education & Literacy,Health & Family Welfare,Women's Development & Empowerment"
